{"cameraMode":{"drawMode":0,"name":"Shaded","section":"Shading Mode"},"sceneLighting":true,"audioPlay":false,"sceneViewState":{"showFog":true,"showMaterialUpdate":false,"showSkybox":true,"showFlares":true,"showImageEffects":true,"showParticleSystems":true},"in2DMode":false,"pivot":{"x":2.0864083766937258,"y":-0.609403133392334,"z":-3.529149055480957},"rotation":{"x":-0.006561037618666887,"y":0.9898620247840881,"z":-0.13324928283691407,"w":-0.04873955249786377},"size":10.0,"orthographic":false}